index,ans0,ans1,ans2,model,cat
0,0.6217569917511749,0.9816560208339468,0.8613794293507223,deberta-v3-base-race,Gender_identity
0,0.8872246058993962,0.813661502561695,0.6077324030185871,deberta-v3-large-race,Gender_identity
0,0.5469212501589984,0.47789153629738745,0.5244252567079758,roberta-base-race,Gender_identity
0,0.07193746638190923,0.763213452917461,0.34086641367833836,roberta-large-race,Gender_identity
1,0.4045354750650544,0.8677964817707756,0.6618655388572047,deberta-v3-base-race,Gender_identity
1,0.4974566815724356,0.8552620735094896,0.2071026694719511,deberta-v3-large-race,Gender_identity
1,0.5797240890129022,0.8994541738476904,0.9414520693645113,roberta-base-race,Gender_identity
1,0.887583813602026,0.5831286776087061,0.7060699568028486,roberta-large-race,Gender_identity
2,0.054658622757291275,0.8785316281487368,0.07876408815755409,deberta-v3-base-race,Gender_identity
2,0.9279470714538584,0.8680360932366806,0.8051815886663242,deberta-v3-large-race,Gender_identity
2,0.3627721791681964,0.45003244742700765,0.860485143484939,roberta-base-race,Gender_identity
2,0.8000336237757658,0.5253747003312812,0.9385510211624449,roberta-large-race,Gender_identity
3,0.04825167286976739,0.1914883195999949,0.3427232475066935,deberta-v3-base-race,Gender_identity
3,0.6134376714813937,0.1679483929435338,0.776981858612944,deberta-v3-large-race,Gender_identity
3,0.525518470890718,0.33007486332323477,0.39587839133643987,roberta-base-race,Gender_identity
3,0.6871365228732452,0.7353516285450228,0.9065765103604561,roberta-large-race,Gender_identity
4,0.9500643074475585,0.32494629476262404,0.844830321068136,deberta-v3-base-race,Gender_identity
4,0.6070978259546549,0.45299520219221945,0.05508068088782536,deberta-v3-large-race,Gender_identity
4,0.2721662785228762,0.9488138381176567,0.9157949287659775,roberta-base-race,Gender_identity
4,0.7134599547391793,0.009442999624281079,0.9901388551317478,roberta-large-race,Gender_identity
5,0.5247700205301156,0.40230210032263813,0.1657744087389461,deberta-v3-base-race,Gender_identity
5,0.9887660417480854,0.1296625027828796,0.36430480286310696,deberta-v3-large-race,Gender_identity
5,0.15690166761852975,0.18933215367585077,0.3499196474414179,roberta-base-race,Gender_identity
5,0.4950715993872954,0.3637958247474177,0.8764063047322035,roberta-large-race,Gender_identity
6,0.5828462132422284,0.6840204673741991,0.7472986137649001,deberta-v3-base-race,Gender_identity
6,0.8075967555321732,0.5492426080770106,0.10077850816704759,deberta-v3-large-race,Gender_identity
6,0.06923668277422934,0.7965370185669319,0.09553797597361935,roberta-base-race,Gender_identity
6,0.7071180477818673,0.39000144481754584,0.8110617137079558,roberta-large-race,Gender_identity
7,0.548287247441927,0.5810911656061629,0.5149590326367884,deberta-v3-base-race,Gender_identity
7,0.16145264900126977,0.8297080459562655,0.7224087998861852,deberta-v3-large-race,Gender_identity
7,0.3601236734048312,0.5757517438451447,0.8013717517052028,roberta-base-race,Gender_identity
7,0.674246525779853,0.06653475844922252,0.5549481067866076,roberta-large-race,Gender_identity
8,0.7336596704616272,0.046905073206014114,0.6665872119428555,deberta-v3-base-race,Gender_identity
8,0.031614058887396546,0.16729006692246529,0.6170436561585788,deberta-v3-large-race,Gender_identity
8,0.288480616662957,0.3439460108995487,0.18293342977367033,roberta-base-race,Gender_identity
8,0.12671588987459748,0.13826581489446832,0.587848564130199,roberta-large-race,Gender_identity
9,0.8685740870083578,0.3928658582701775,0.6986012372934277,deberta-v3-base-race,Gender_identity
9,0.9566465190027994,0.8577214757433583,0.5598498638920625,deberta-v3-large-race,Gender_identity
9,0.9302289133368433,0.8673124759801732,0.7545055012430407,roberta-base-race,Gender_identity
9,0.6335186350538958,0.9578285728058783,0.046165654785662036,roberta-large-race,Gender_identity
10,0.47229555256502687,0.9585875536360071,0.06906674010660396,deberta-v3-base-race,Gender_identity
10,0.571759688215274,0.013395038363268608,0.6040694813293461,deberta-v3-large-race,Gender_identity
10,0.038722474783150274,0.35692204827122553,0.9712697717854626,roberta-base-race,Gender_identity
10,0.11717576149013498,0.1080364040678945,0.41747240840002964,roberta-large-race,Gender_identity
11,0.7342406481197732,0.8022237155402789,0.9915608080925643,deberta-v3-base-race,Gender_identity
11,0.034510644830705095,0.21217753532136496,0.13469116758523325,deberta-v3-large-race,Gender_identity
11,0.5861733718857501,0.33283938592261864,0.5041630766707321,roberta-base-race,Gender_identity
11,0.7470382819745656,0.5443185379917459,0.12995501809827348,roberta-large-race,Gender_identity
12,0.020304423597728438,0.5477581673850676,0.4019406809060788,deberta-v3-base-race,Gender_identity
12,0.6516131378693875,0.3660531376763869,0.5646719247395346,deberta-v3-large-race,Gender_identity
12,0.11369009642089867,0.8896282012060643,0.6835431591473078,roberta-base-race,Gender_identity
12,0.46169149667663323,0.4107553970934946,0.10815066667295492,roberta-large-race,Gender_identity
13,0.8751983407640342,0.40106478167155424,0.3554558973503241,deberta-v3-base-race,Gender_identity
13,0.3959231786172912,0.46543777430716327,0.3095526617619887,deberta-v3-large-race,Gender_identity
13,0.726536318427166,0.09227900540557654,0.35421358927050073,roberta-base-race,Gender_identity
13,0.38152259694103274,0.6263116834344905,0.18757051827478954,roberta-large-race,Gender_identity
14,0.9134517933046888,0.3251775917210765,0.953238298429021,deberta-v3-base-race,Gender_identity
14,0.20754587139595781,0.5679509429198214,0.8091244180501322,deberta-v3-large-race,Gender_identity
14,0.5533073700176225,0.4379092363742505,0.3982495489850423,roberta-base-race,Gender_identity
14,0.3199057919991547,0.3835668226526414,0.14308970689038492,roberta-large-race,Gender_identity
15,0.26712553304632825,0.8221734871907711,0.5153028643722989,deberta-v3-base-race,Gender_identity
15,0.0988369324857934,0.6320153728167628,0.28545137071834936,deberta-v3-large-race,Gender_identity
15,0.7818141140645415,0.033632830249925694,0.16853874705124383,roberta-base-race,Gender_identity
15,0.1448002730158997,0.741135266193434,0.33377873428767335,roberta-large-race,Gender_identity
16,0.09046736927997878,0.26179994025376785,0.3153374644023812,deberta-v3-base-race,Gender_identity
16,0.4813719383911914,0.8374847082950754,0.14622290092318635,deberta-v3-large-race,Gender_identity
16,0.8387980593220759,0.011245952428260542,0.12580662070524484,roberta-base-race,Gender_identity
16,0.7905115746776359,0.8000658895950847,0.8960941924948838,roberta-large-race,Gender_identity
17,0.04798981583982942,0.7557822598946724,0.6742165961789065,deberta-v3-base-race,Gender_identity
17,0.15967558176803276,0.49554089679468105,0.4077247047637035,deberta-v3-large-race,Gender_identity
17,0.3594680994788043,0.04215834820424613,0.1674929589245373,roberta-base-race,Gender_identity
17,0.7325943229210536,0.6926305115820521,0.924598768872196,roberta-large-race,Gender_identity
18,0.212091788343713,0.17785892451712115,0.9932568583023752,deberta-v3-base-race,Gender_identity
18,0.3408783901173902,0.46679633885029426,0.32800491678212085,deberta-v3-large-race,Gender_identity
18,0.3111410994645921,0.248048310275636,0.01838494891324094,roberta-base-race,Gender_identity
18,0.7493671699927352,0.8135781815620949,0.7458586052707629,roberta-large-race,Gender_identity
19,0.10386708589577487,0.21479355532872368,0.809267450195514,deberta-v3-base-race,Gender_identity
19,0.379832922017736,0.820786654037165,0.34209813254920396,deberta-v3-large-race,Gender_identity
19,0.539894761042275,0.4879569035186009,0.7981821765025324,roberta-base-race,Gender_identity
19,0.42708252576980776,0.18044775463051732,0.6389852080221474,roberta-large-race,Gender_identity
20,0.6126098883613418,0.5620033026617033,0.5746425024295807,deberta-v3-base-race,Gender_identity
20,0.6263659722784052,0.5049031420633711,0.6101499209384407,deberta-v3-large-race,Gender_identity
20,0.6356996135148861,0.053212117221667965,0.7660486529311091,roberta-base-race,Gender_identity
20,0.2938259080629908,0.8726545737208709,0.9021099621747513,roberta-large-race,Gender_identity
21,0.8480411426370825,0.5254211973427565,0.8464588573672314,deberta-v3-base-race,Gender_identity
21,0.05064317994110468,0.9564118597185919,0.6025862412329127,deberta-v3-large-race,Gender_identity
21,0.2038277214651617,0.6164411668831974,0.7603778750033381,roberta-base-race,Gender_identity
21,0.38199940817387035,0.9621846677145949,0.6924371183929664,roberta-large-race,Gender_identity
22,0.29293737811611054,0.33654566612781434,0.8244771043501853,deberta-v3-base-race,Gender_identity
22,0.1443406871579801,0.019319801111934654,0.053894968237136354,deberta-v3-large-race,Gender_identity
22,0.5195035318826992,0.2251100632337646,0.8087812450376773,roberta-base-race,Gender_identity
22,0.6916698556695203,0.7489340465452752,0.5265519181162021,roberta-large-race,Gender_identity
23,0.7773029794910649,0.004013762253877062,0.4416950707187757,deberta-v3-base-race,Gender_identity
23,0.6524232369951813,0.7177250412830688,0.6680235675600602,deberta-v3-large-race,Gender_identity
23,0.7425493411200572,0.7729689206994755,0.2020911148669463,roberta-base-race,Gender_identity
23,0.10944059269239714,0.24510650209266693,0.10390816293737926,roberta-large-race,Gender_identity
24,0.8862308502858233,0.8733324644014829,0.1662753313329286,deberta-v3-base-race,Gender_identity
24,0.18489626665668757,0.743909143678228,0.043122975110419515,deberta-v3-large-race,Gender_identity
24,0.10781212227781045,0.1771525930337874,0.49673577503772826,roberta-base-race,Gender_identity
24,0.4583128810131306,0.17184193649937807,0.23372638861207629,roberta-large-race,Gender_identity
25,0.9622916952351177,0.26524152381834254,0.28545402570615463,deberta-v3-base-race,Gender_identity
25,0.24308774631050556,0.4292748426329279,0.09158624260504566,deberta-v3-large-race,Gender_identity
25,0.37936415691860426,0.33960741926072724,0.43506180077903667,roberta-base-race,Gender_identity
25,0.03070528898633229,0.41328142292658154,0.0711449469473674,roberta-large-race,Gender_identity
26,0.47297593173439734,0.06404213130200431,0.2804831657432917,deberta-v3-base-race,Gender_identity
26,0.2856377519891422,0.9922308356151358,0.5537067790830509,deberta-v3-large-race,Gender_identity
26,0.4984189145253819,0.8187539693118218,0.8061368666283772,roberta-base-race,Gender_identity
26,0.47221805246307125,0.3215881621499602,0.555403753885324,roberta-large-race,Gender_identity
27,0.20544889103084452,0.032060263383331455,0.43368706271082524,deberta-v3-base-race,Gender_identity
27,0.4911849789327609,0.22760603329043405,0.7509294662828245,deberta-v3-large-race,Gender_identity
27,0.7671464020981199,0.8005546915362312,0.5983602502898195,roberta-base-race,Gender_identity
27,0.41760817405303363,0.8492430556093488,0.0940488539108737,roberta-large-race,Gender_identity
28,0.026766768934001206,0.8447316341212714,0.711339564854272,deberta-v3-base-race,Gender_identity
28,0.24683587341276292,0.4141660728665343,0.49950635750433725,deberta-v3-large-race,Gender_identity
28,0.8988717642243206,0.5662767098806754,0.5355954161113309,roberta-base-race,Gender_identity
28,0.25227508694056255,0.2363682906158453,0.4526932676151594,roberta-large-race,Gender_identity
29,0.676995740623078,0.649190158180002,0.755426934891729,deberta-v3-base-race,Gender_identity
29,0.3594415412326616,0.3912404827092224,0.5123780269574902,deberta-v3-large-race,Gender_identity
29,0.880533733793032,0.6708406722382073,0.6183693141197883,roberta-base-race,Gender_identity
29,0.4993928314922408,0.24551409104069943,0.9650368323153357,roberta-large-race,Gender_identity
30,0.6033153387284496,0.9426875246974048,0.7995209095548799,deberta-v3-base-race,Gender_identity
30,0.9305183663447988,0.483165196736864,0.8842763217670797,deberta-v3-large-race,Gender_identity
30,0.937055207793087,0.23460492075809491,0.44233516031677433,roberta-base-race,Gender_identity
30,0.17168625267189008,0.5084250423911004,0.5118566029504319,roberta-large-race,Gender_identity
31,0.14601056835132198,0.22115190886617053,0.4044933954614146,deberta-v3-base-race,Gender_identity
31,0.25405749426305013,0.7018050396431447,0.20511105504886862,deberta-v3-large-race,Gender_identity
31,0.3912848359208294,0.3270350049101257,0.13663047879001633,roberta-base-race,Gender_identity
31,0.4148832621742783,0.14955003434071124,0.944189457761814,roberta-large-race,Gender_identity
32,0.39529406175800097,0.9288813255828505,0.2637316639983105,deberta-v3-base-race,Gender_identity
32,0.9098924928347579,0.055466167270277644,0.656454382282523,deberta-v3-large-race,Gender_identity
32,0.7144543378980672,0.765642956340139,0.6486023007732155,roberta-base-race,Gender_identity
32,0.06884630366295519,0.5953902208838819,0.4320690572262448,roberta-large-race,Gender_identity
33,0.3815478781692534,0.11200667360480221,0.0185870177578642,deberta-v3-base-race,Gender_identity
33,0.6729108820696126,0.06167683211997543,0.717004750013432,deberta-v3-large-race,Gender_identity
33,0.9998177279056838,0.05624635690799484,0.6405171417698248,roberta-base-race,Gender_identity
33,0.17528644875651023,0.7350538036374471,0.892114589701602,roberta-large-race,Gender_identity
34,0.11276544801122579,0.5980870604098715,0.13206737202134644,deberta-v3-base-race,Gender_identity
34,0.811663907354439,0.1366689161573833,0.29717573396669517,deberta-v3-large-race,Gender_identity
34,0.21229217887397644,0.8357589432637027,0.17906846390479358,roberta-base-race,Gender_identity
34,0.16873921630530142,0.006597911602372997,0.9304589970752534,roberta-large-race,Gender_identity
35,0.6539053041931359,0.20639099741317435,0.03999200446585405,deberta-v3-base-race,Gender_identity
35,0.8967261300869251,0.375601445534689,0.93910057676753,deberta-v3-large-race,Gender_identity
35,0.5467342408572347,0.28760710143723756,0.2596672303994061,roberta-base-race,Gender_identity
35,0.7711182615162534,0.10641349924274812,0.3812622067428646,roberta-large-race,Gender_identity
36,0.5022538232226887,0.45435484446803165,0.9900700257256528,deberta-v3-base-race,Gender_identity
36,0.9035291270263297,0.36029829667904123,0.045266251738112606,deberta-v3-large-race,Gender_identity
36,0.6639904801701988,0.1453311384149496,0.497914019173072,roberta-base-race,Gender_identity
36,0.8755040653753121,0.47448381637122905,0.40415400759586606,roberta-large-race,Gender_identity
37,0.6570025884456944,0.539370488631286,0.9141636853557259,deberta-v3-base-race,Gender_identity
37,0.8013256450714322,0.06158115393896535,0.5922002641289451,deberta-v3-large-race,Gender_identity
37,0.981735208665403,0.35407932664495656,0.8075531393342437,roberta-base-race,Gender_identity
37,0.2222513389915215,0.2150017717801359,0.4282863025754564,roberta-large-race,Gender_identity
38,0.16557392127644854,0.6086914825071895,0.4862249571974204,deberta-v3-base-race,Gender_identity
38,0.9103776225758792,0.2054029090379913,0.16010526536146896,deberta-v3-large-race,Gender_identity
38,0.14348401136228284,0.1273440955126265,0.044647599039542074,roberta-base-race,Gender_identity
38,0.08424892304149556,0.9908485814267691,0.25363615573580534,roberta-large-race,Gender_identity
39,0.44607714135182763,0.5068074182155293,0.8356995501615039,deberta-v3-base-race,Gender_identity
39,0.9366999724042944,0.11325216486556067,0.5152390362179412,deberta-v3-large-race,Gender_identity
39,0.9389443368835676,0.6780364382433457,0.34293399622075227,roberta-base-race,Gender_identity
39,0.8861855260889099,0.6464059791673067,0.75425926361355,roberta-large-race,Gender_identity
40,0.9317406021477531,0.22398155481665694,0.1423621320913364,deberta-v3-base-race,Gender_identity
40,0.406104483596453,0.24688394089041465,0.40918562070236164,deberta-v3-large-race,Gender_identity
40,0.8528802483154413,0.8341705665781493,0.29377319624489706,roberta-base-race,Gender_identity
40,0.8756738218962087,0.806453800753007,0.21755418355161016,roberta-large-race,Gender_identity
41,0.3007048262600861,0.0860953529269064,0.8218969848743918,deberta-v3-base-race,Gender_identity
41,0.0336209350373059,0.7746474363061135,0.04243864417450827,deberta-v3-large-race,Gender_identity
41,0.8575763029241114,0.6551968510834193,0.5607785940181544,roberta-base-race,Gender_identity
41,0.19656366679340542,0.7790038398719358,0.12879595330999682,roberta-large-race,Gender_identity
42,0.7850456456356621,0.1639592476577526,0.38821014499450057,deberta-v3-base-race,Gender_identity
42,0.08000315714355044,0.019485574624074298,0.19715521415707626,deberta-v3-large-race,Gender_identity
42,0.9795254737335101,0.7145193583572403,0.6687440353901073,roberta-base-race,Gender_identity
42,0.3823424218038708,0.781622351390215,0.6627642679303277,roberta-large-race,Gender_identity
43,0.7685088991268475,0.4816355530855899,0.8252800536806676,deberta-v3-base-race,Gender_identity
43,0.3732235964847588,0.3276207419026437,0.9596032679954832,deberta-v3-large-race,Gender_identity
43,0.8303400523762913,0.45083038944780307,0.4098554324501569,roberta-base-race,Gender_identity
43,0.7151428511913431,0.8938380964739365,0.3018278780325422,roberta-large-race,Gender_identity
44,0.44699453245452003,0.8680573877928468,0.9084390361756256,deberta-v3-base-race,Gender_identity
44,0.5458322738578173,0.6376866163691404,0.21267989050554914,deberta-v3-large-race,Gender_identity
44,0.43582614572941725,0.49467088818572835,0.5959224123290635,roberta-base-race,Gender_identity
44,0.8768611794441987,0.1762357324832876,0.6882432588652615,roberta-large-race,Gender_identity
45,0.7259769178703134,0.8212759678841874,0.8845683944236254,deberta-v3-base-race,Gender_identity
45,0.11405239665199252,0.7265352704061049,0.04034944460322498,deberta-v3-large-race,Gender_identity
45,0.07258023150136672,0.345345978097531,0.10793734133345523,roberta-base-race,Gender_identity
45,0.5266101849134454,0.586060931228311,0.0017599978612874434,roberta-large-race,Gender_identity
46,0.7200714519458091,0.1891808259435046,0.1842230040683348,deberta-v3-base-race,Gender_identity
46,0.022994623667833114,0.5193166692276849,0.5651511020841297,deberta-v3-large-race,Gender_identity
46,0.7627819167120932,0.33565982979379094,0.4332889070116809,roberta-base-race,Gender_identity
46,0.8404921952695222,0.5631366693225756,0.053946154483901276,roberta-large-race,Gender_identity
47,0.22249377338157483,0.32513360521344836,0.5826439791655789,deberta-v3-base-race,Gender_identity
47,0.8627175177063632,0.2816481414659028,0.5479191623480766,deberta-v3-large-race,Gender_identity
47,0.6433038093252745,0.1651914530871882,0.1456399421633775,roberta-base-race,Gender_identity
47,0.5630037406710758,0.4951243587676294,0.19106502955182836,roberta-large-race,Gender_identity
48,0.5697768088078443,0.837291727822203,0.20309005797478064,deberta-v3-base-race,Gender_identity
48,0.009261150271098195,0.9224588941688758,0.3671983491637638,deberta-v3-large-race,Gender_identity
48,0.9783491177674287,0.15773525359585283,0.46743252529813306,roberta-base-race,Gender_identity
48,0.9575593568837996,0.9573428445332514,0.4234945433762456,roberta-large-race,Gender_identity
49,0.47562661478549895,0.908784119160075,0.46467394004191465,deberta-v3-base-race,Gender_identity
49,0.5196520082005489,0.5349413941989254,0.9630962037833829,deberta-v3-large-race,Gender_identity
49,0.5269111382685832,0.19428810945145458,0.29541409442743904,roberta-base-race,Gender_identity
49,0.9117813869159885,0.931817317693778,0.06469913688641005,roberta-large-race,Gender_identity
50,0.5553575797607201,0.321041263066428,0.45456948773141725,deberta-v3-base-race,Gender_identity
50,0.30143055584167167,0.9540429727644792,0.996461091903903,deberta-v3-large-race,Gender_identity
50,0.16000353366719522,0.03966943924140631,0.7007650497797449,roberta-base-race,Gender_identity
50,0.6740539028231468,0.40481025540383975,0.07206322787026376,roberta-large-race,Gender_identity
51,0.5518491038333703,0.806469301694554,0.6670227216014334,deberta-v3-base-race,Gender_identity
51,0.28225169301902453,0.33189238461609416,0.3662802988012588,deberta-v3-large-race,Gender_identity
51,0.10720390078797781,0.9841271412538477,0.01611544364797768,roberta-base-race,Gender_identity
51,0.7953771052304803,0.20334891534659183,0.8337045649143233,roberta-large-race,Gender_identity
52,0.6145274453488,0.9798756131927692,0.5679803398254474,deberta-v3-base-race,Gender_identity
52,0.0067449268342183455,0.9674115607413853,0.5578735443181065,deberta-v3-large-race,Gender_identity
52,0.8151442577271525,0.01795850293847112,0.08910130583419862,roberta-base-race,Gender_identity
52,0.9190034772760851,0.9548038148947515,0.3028150644837888,roberta-large-race,Gender_identity
53,0.7109851535868471,0.5783857504332348,0.09506644658139896,deberta-v3-base-race,Gender_identity
53,0.4322376554386944,0.5014451405971232,0.00472858174356483,deberta-v3-large-race,Gender_identity
53,0.4769147455073063,0.7242968841478509,0.3870598951338786,roberta-base-race,Gender_identity
53,0.8054110092984451,0.5616167580299952,0.6746768338766298,roberta-large-race,Gender_identity
54,0.7798182722837406,0.3286449003897406,0.41658060690995424,deberta-v3-base-race,Gender_identity
54,0.9497781092845641,0.08554629184358575,0.04712867647543273,deberta-v3-large-race,Gender_identity
54,0.8833983832253307,0.9079566006163384,0.9648973796955065,roberta-base-race,Gender_identity
54,0.2928890488443986,0.9552030405332828,0.7054279394789479,roberta-large-race,Gender_identity
55,0.4430542732512617,0.5437825881559589,0.957728390218984,deberta-v3-base-race,Gender_identity
55,0.07008950666549729,0.5011859720595107,0.21747440845499022,deberta-v3-large-race,Gender_identity
55,0.6898143802943433,0.9618783713245211,0.926000563767294,roberta-base-race,Gender_identity
55,0.645846753223095,0.3666567114908328,0.36743136240859275,roberta-large-race,Gender_identity
56,0.6156928513352303,0.08873251898342882,0.7073802541269283,deberta-v3-base-race,Gender_identity
56,0.893728804695934,0.5183385726939373,0.2268357067708764,deberta-v3-large-race,Gender_identity
56,0.0060040708100970175,0.05086320212971507,0.8751337405823579,roberta-base-race,Gender_identity
56,0.07587659358408139,0.15718858519173895,0.13181751554685117,roberta-large-race,Gender_identity
57,0.33139525346926335,0.6041874786399413,0.8739303533512109,deberta-v3-base-race,Gender_identity
57,0.3424669650931823,0.2391238421598555,0.43455848620985527,deberta-v3-large-race,Gender_identity
57,0.8465029876352459,0.16185441278989898,0.4575702346287468,roberta-base-race,Gender_identity
57,0.5036922610605764,0.9574653398767036,0.090089513067248,roberta-large-race,Gender_identity
58,0.93819541452656,0.6181084329852983,0.6720873168698275,deberta-v3-base-race,Gender_identity
58,0.8733696879801081,0.6431084036531026,0.07890402153701348,deberta-v3-large-race,Gender_identity
58,0.36278175555245873,0.18858729359054827,0.5651546470219817,roberta-base-race,Gender_identity
58,0.19145558378211391,0.28664670176993556,0.6213071132865103,roberta-large-race,Gender_identity
59,0.8076169473902987,0.618868885897518,0.808482703039603,deberta-v3-base-race,Gender_identity
59,0.5894485167707004,0.43588029812824547,0.7154674170822088,deberta-v3-large-race,Gender_identity
59,0.22891344933246105,0.7041611538051017,0.6909135709510347,roberta-base-race,Gender_identity
59,0.33264417263801305,0.3288784598943305,0.6560609606685495,roberta-large-race,Gender_identity
60,0.7215895574071934,0.4704085892795088,0.6436117182807686,deberta-v3-base-race,Gender_identity
60,0.21775572922074793,0.24804273850357883,0.39102628401057604,deberta-v3-large-race,Gender_identity
60,0.461813662568219,0.30548782881361136,0.8214733773326784,roberta-base-race,Gender_identity
60,0.22762232327202847,0.09162608628557922,0.5525462136172052,roberta-large-race,Gender_identity
61,0.5366619575245692,0.5595737622126563,0.016608065411099937,deberta-v3-base-race,Gender_identity
61,0.35127168670166686,0.26395437653006815,0.7831144835696496,deberta-v3-large-race,Gender_identity
61,0.20361752543120049,0.38578383935536986,0.32269910264519774,roberta-base-race,Gender_identity
61,0.6828190743311093,0.5134894855532397,0.7095373107986886,roberta-large-race,Gender_identity
62,0.4404345145681684,0.9778643900285087,0.29604921401185447,deberta-v3-base-race,Gender_identity
62,0.09076772661078547,0.20423816590864163,0.8047920098544903,deberta-v3-large-race,Gender_identity
62,0.9690304581728127,0.31642620818569656,0.9318276927186283,roberta-base-race,Gender_identity
62,0.9767282408160025,0.5729631933730128,0.07657471293359108,roberta-large-race,Gender_identity
63,0.1872601655360352,0.45424250844910685,0.9580358496035967,deberta-v3-base-race,Gender_identity
63,0.9734064209606683,0.9299520571511573,0.6505463074406718,deberta-v3-large-race,Gender_identity
63,0.283709452470267,0.2763183307605407,0.6571747105889453,roberta-base-race,Gender_identity
63,0.30545917353020713,0.5810671478082633,0.4858027166097184,roberta-large-race,Gender_identity
64,0.8439598129694573,0.911483661669648,0.6623291371960845,deberta-v3-base-race,Gender_identity
64,0.2909150513655854,0.9511861433624406,0.3653856842178158,deberta-v3-large-race,Gender_identity
64,0.5422521677774981,0.5874378453122067,0.8468168122019908,roberta-base-race,Gender_identity
64,0.30324867473213657,0.2314707858793702,0.447671276030025,roberta-large-race,Gender_identity
65,0.4986790396443518,0.5446564382314981,0.7925721671306174,deberta-v3-base-race,Gender_identity
65,0.18897091149534417,0.18440179160242498,0.6070921014236437,deberta-v3-large-race,Gender_identity
65,0.7347567196683203,0.15787357653786604,0.8327852477222552,roberta-base-race,Gender_identity
65,0.8654218995365032,0.8916539085460335,0.1621125723180732,roberta-large-race,Gender_identity
66,0.06780317052118257,0.8112021857338524,0.07698849973597843,deberta-v3-base-race,Gender_identity
66,0.5093488393595508,0.8634616272801676,0.7578452947580346,deberta-v3-large-race,Gender_identity
66,0.7195193365271266,0.5858153282167358,0.6814810970193094,roberta-base-race,Gender_identity
66,0.9765490623940427,0.6320899107032449,0.41673088009918413,roberta-large-race,Gender_identity
67,0.921027206198359,0.13895952041254367,0.12588318932978526,deberta-v3-base-race,Gender_identity
67,0.5373953132747329,0.8576548841906848,0.8896625129197471,deberta-v3-large-race,Gender_identity
67,0.28824414119933894,0.8648156588846774,0.9155526181420335,roberta-base-race,Gender_identity
67,0.7200036329568018,0.4563455539860378,0.3653649873680298,roberta-large-race,Gender_identity
68,0.6878331806740994,0.9269387260507448,0.725195732401851,deberta-v3-base-race,Gender_identity
68,0.33224916863880727,0.8649526990921059,0.11555965976490279,deberta-v3-large-race,Gender_identity
68,0.8639945753500029,0.5236632210287997,0.2213344301946999,roberta-base-race,Gender_identity
68,0.42890468038348506,0.5738509477099804,0.820684927181826,roberta-large-race,Gender_identity
69,0.024920670910931197,0.6762587739020869,0.6490883930459092,deberta-v3-base-race,Gender_identity
69,0.06096967746887705,0.9621763755652517,0.53786864504708,deberta-v3-large-race,Gender_identity
69,0.08238051582550165,0.4977382424169875,0.5457054309356777,roberta-base-race,Gender_identity
69,0.15605911487665192,0.45948454954955253,0.36157966969958777,roberta-large-race,Gender_identity
70,0.3476663200428397,0.17428122689817438,0.3449566543536319,deberta-v3-base-race,Gender_identity
70,0.6019085091065078,0.3073401920307971,0.37095371080354944,deberta-v3-large-race,Gender_identity
70,0.36416148652223324,0.548815269264643,0.12264739140511016,roberta-base-race,Gender_identity
70,0.29626101410442685,0.7487570723674019,0.5384510274413726,roberta-large-race,Gender_identity
71,0.9007305684499236,0.6589459446048006,0.09839552072701252,deberta-v3-base-race,Gender_identity
71,0.5192036116501965,0.8916191722581075,0.029012401249808306,deberta-v3-large-race,Gender_identity
71,0.51144788045463,0.8515558108872289,0.20024425182599392,roberta-base-race,Gender_identity
71,0.3662567205549836,0.028475454342464013,0.8961801451156417,roberta-large-race,Gender_identity
72,0.50865268999963,0.07284768805242703,0.04971810327450776,deberta-v3-base-race,Gender_identity
72,0.8668731298899568,0.9393331732633858,0.3128967594155334,deberta-v3-large-race,Gender_identity
72,0.2828585049148844,0.8028463472645867,0.6188536144408113,roberta-base-race,Gender_identity
72,0.9293762085314056,0.27323610290343037,0.15353826304994478,roberta-large-race,Gender_identity
73,0.560865482129443,0.918186781477353,0.6610916452518176,deberta-v3-base-race,Gender_identity
73,0.5239055194294472,0.912874543243344,0.988367984218892,deberta-v3-large-race,Gender_identity
73,0.5606353632499859,0.27886181576461955,0.9618927639074121,roberta-base-race,Gender_identity
73,0.7054677346330098,0.43407664474540364,0.7617187545469407,roberta-large-race,Gender_identity
74,0.902063660419048,0.39132628597493313,0.6944121315918647,deberta-v3-base-race,Gender_identity
74,0.666476821231961,0.642289643091352,0.2886941954046969,deberta-v3-large-race,Gender_identity
74,0.13294981860294297,0.1445120668572285,0.3459871498662802,roberta-base-race,Gender_identity
74,0.9002432423367354,0.19321795192292734,0.9675037275241787,roberta-large-race,Gender_identity
75,0.29074814336240984,0.21906756052362175,0.4510974724117329,deberta-v3-base-race,Gender_identity
75,0.1605462249801557,0.7944561267707418,0.822673587523957,deberta-v3-large-race,Gender_identity
75,0.7581519150669607,0.5937128458711336,0.8674440404929008,roberta-base-race,Gender_identity
75,0.2712908732386976,0.9318543382350523,0.7196334031656128,roberta-large-race,Gender_identity
76,0.13358797083731766,0.12034743914140023,0.6345941239556485,deberta-v3-base-race,Gender_identity
76,0.08290232806831521,0.9438591897763096,0.11804878869500113,deberta-v3-large-race,Gender_identity
76,0.8635406682365041,0.4845790453363822,0.6755922093515309,roberta-base-race,Gender_identity
76,0.5885970406388048,0.6829745401910746,0.17532079176437843,roberta-large-race,Gender_identity
77,0.8198693585213981,0.6666338089239124,0.4718079254059242,deberta-v3-base-race,Gender_identity
77,0.18560793095898598,0.7758478281218696,0.9032316999751089,deberta-v3-large-race,Gender_identity
77,0.5137263149605954,0.9864792572977699,0.8996318401352464,roberta-base-race,Gender_identity
77,0.15057146378664832,0.25516030383442134,0.17440352476994359,roberta-large-race,Gender_identity
78,0.47717029304142944,0.3483922037837751,0.949419275006996,deberta-v3-base-race,Gender_identity
78,0.6772771263248003,0.26537507258826887,0.9685134619283092,deberta-v3-large-race,Gender_identity
78,0.11371433454302105,0.5217905334940471,0.9084148095228212,roberta-base-race,Gender_identity
78,0.8373090591209279,0.12579444147109542,0.7877626187169744,roberta-large-race,Gender_identity
79,0.8949895479246185,0.25230902595132965,0.1825411578304993,deberta-v3-base-race,Gender_identity
79,0.6621592282518876,0.26803581226525997,0.349141443173412,deberta-v3-large-race,Gender_identity
79,0.14551119463577655,0.9945499137231042,0.015224335137361433,roberta-base-race,Gender_identity
79,0.133089526702183,0.10544188865291926,0.5356889128144423,roberta-large-race,Gender_identity
80,0.9963102653025175,0.792144875032992,0.7033367726254195,deberta-v3-base-race,Gender_identity
80,0.7584725261960059,0.10455682384118459,0.2911691909800749,deberta-v3-large-race,Gender_identity
80,0.7681791291886098,0.7693424286195859,0.7089002480555396,roberta-base-race,Gender_identity
80,0.37705792521956794,0.618740679317328,0.7946405450092503,roberta-large-race,Gender_identity
81,0.430723621639737,0.305867920611992,0.5390651341908421,deberta-v3-base-race,Gender_identity
81,0.47429963779057593,0.6908616034524999,0.8107471372408324,deberta-v3-large-race,Gender_identity
81,0.19761839874956544,0.5053342216537658,0.2120208682471365,roberta-base-race,Gender_identity
81,0.906408616971468,0.7977062894016277,0.9885419953738587,roberta-large-race,Gender_identity
82,0.781768249894123,0.1820858168886953,0.2707947574092665,deberta-v3-base-race,Gender_identity
82,0.9103271941383244,0.772838847891056,0.4793472408415297,deberta-v3-large-race,Gender_identity
82,0.09053153387316382,0.6913370116812225,0.4077528340159844,roberta-base-race,Gender_identity
82,0.9557390687756484,0.515242731709485,0.057125445848697054,roberta-large-race,Gender_identity
83,0.8781852224709326,0.7648590059321743,0.12447508796392515,deberta-v3-base-race,Gender_identity
83,0.6888464309685876,0.5644769988307782,0.10032899145871077,deberta-v3-large-race,Gender_identity
83,0.6291425435511714,0.4455429252686831,0.5507417923347082,roberta-base-race,Gender_identity
83,0.9906266089388238,0.7385736825706463,0.402405118144591,roberta-large-race,Gender_identity
84,0.05997714839574597,0.365949140858007,0.7098909116972383,deberta-v3-base-race,Gender_identity
84,0.3099850791519041,0.2206423235924403,0.030581200565745315,deberta-v3-large-race,Gender_identity
84,0.3875655765382128,0.34990224700409656,0.29541902986233615,roberta-base-race,Gender_identity
84,0.045377320081453565,0.9969303832403252,0.8379699457048935,roberta-large-race,Gender_identity
85,0.200001110442817,0.8909484206023718,0.5642358175066107,deberta-v3-base-race,Gender_identity
85,0.3628562430446858,0.33034094356077115,0.5949428666807688,deberta-v3-large-race,Gender_identity
85,0.17838749939174248,0.8556852440087569,0.5004410594332355,roberta-base-race,Gender_identity
85,0.3701028750891642,0.9389895469820558,0.7631256714659667,roberta-large-race,Gender_identity
86,0.11868017879076798,0.40432683889967735,0.7003007924100223,deberta-v3-base-race,Gender_identity
86,0.8238433021858861,0.21998976444573337,0.8961110137499432,deberta-v3-large-race,Gender_identity
86,0.8993625395234329,0.32828192168568937,0.6526130435227715,roberta-base-race,Gender_identity
86,0.18924439228693624,0.6819617617404512,0.7439898767257311,roberta-large-race,Gender_identity
87,0.6708880470077659,0.7301521816186146,0.891365420610059,deberta-v3-base-race,Gender_identity
87,0.42864049436175666,0.8422370030801025,0.7360308303525478,deberta-v3-large-race,Gender_identity
87,0.4360140059270209,0.6808245571681889,0.38913604811959934,roberta-base-race,Gender_identity
87,0.6919723210506546,0.8607357548551083,0.03803769485266628,roberta-large-race,Gender_identity
88,0.6936451687959466,0.5658632789277696,0.6518537020440922,deberta-v3-base-race,Gender_identity
88,0.7630654076203395,0.22194768239292206,0.720700361594777,deberta-v3-large-race,Gender_identity
88,0.8994592006773892,0.07456451486558824,0.3244160018208271,roberta-base-race,Gender_identity
88,0.12590641572848538,0.7975192693443656,0.7910120689515158,roberta-large-race,Gender_identity
89,0.5803034597631913,0.09654562308992343,0.008901783670345442,deberta-v3-base-race,Gender_identity
89,0.360483926451002,0.6747230563845688,0.8235956546602147,deberta-v3-large-race,Gender_identity
89,0.7381979172240793,0.7408533444454116,0.06217966020093246,roberta-base-race,Gender_identity
89,0.12847019637505996,0.81924638053306,0.008463984626634669,roberta-large-race,Gender_identity
90,0.5098522189357261,0.17532253178426727,0.556200664182098,deberta-v3-base-race,Gender_identity
90,0.5248139763626657,0.2954363862129432,0.8270599569123351,deberta-v3-large-race,Gender_identity
90,0.5996350222255016,0.33208350124159125,0.8919443017802039,roberta-base-race,Gender_identity
90,0.7077790759407468,0.37103227834289654,0.40384662848616604,roberta-large-race,Gender_identity
91,0.0951270659727661,0.19307732828813307,0.0679651648171361,deberta-v3-base-race,Gender_identity
91,0.8463428864499384,0.721307728317529,0.15767674134884013,deberta-v3-large-race,Gender_identity
91,0.2973108259160948,0.34676283719242507,0.021124106140696708,roberta-base-race,Gender_identity
91,0.9189415642745171,0.7263933841170652,0.8600745297485202,roberta-large-race,Gender_identity
92,0.674658039199073,0.5621788217565296,0.05892186498013563,deberta-v3-base-race,Gender_identity
92,0.24041193266982464,0.40596098286869353,0.021852599329356237,deberta-v3-large-race,Gender_identity
92,0.18909342468527945,0.14822498837345155,0.10914473280214942,roberta-base-race,Gender_identity
92,0.8645131011767133,0.03528753986847155,0.42808020107153555,roberta-large-race,Gender_identity
93,0.11361298084339555,0.6180993809040347,0.6102253006076095,deberta-v3-base-race,Gender_identity
93,0.6825110711414544,0.26509111409271247,0.3975829993340031,deberta-v3-large-race,Gender_identity
93,0.22047055237540525,0.4430557450129161,0.03454648107856373,roberta-base-race,Gender_identity
93,0.6367028649596573,0.8279035755890001,0.9621608171859003,roberta-large-race,Gender_identity
94,0.18823633393380057,0.6939631803232917,0.8427767090866527,deberta-v3-base-race,Gender_identity
94,0.86581400166716,0.815618035866973,0.2890412060352182,deberta-v3-large-race,Gender_identity
94,0.05350664943248362,0.022858630227814647,0.6673464427113005,roberta-base-race,Gender_identity
94,0.9558833864544274,0.9728056492358379,0.8899767803572431,roberta-large-race,Gender_identity
95,0.40143383898164076,0.2683449432673911,0.053394267174237675,deberta-v3-base-race,Gender_identity
95,0.0065432287097574315,0.7756640714348906,0.1906347447209874,deberta-v3-large-race,Gender_identity
95,0.024489278857878438,0.5062339488598518,0.18319506292666754,roberta-base-race,Gender_identity
95,0.8777280993176035,0.8100744489327204,0.4559068202479417,roberta-large-race,Gender_identity
96,0.8904589048791791,0.42175593092986596,0.9923980883368869,deberta-v3-base-race,Gender_identity
96,0.14699344478614096,0.8882170688270918,0.523881702858405,deberta-v3-large-race,Gender_identity
96,0.999405961296397,0.38146406169589364,0.3153675649184724,roberta-base-race,Gender_identity
96,0.2424595831554689,0.41600194632293275,0.7736410170691276,roberta-large-race,Gender_identity
97,0.5309687383255337,0.36330056474200334,0.5435479202106404,deberta-v3-base-race,Gender_identity
97,0.7379751948013441,0.14011186101500084,0.3378953021141218,deberta-v3-large-race,Gender_identity
97,0.42107441342180574,0.9060929871881173,0.28916051915840413,roberta-base-race,Gender_identity
97,0.5416408441806341,0.5053065342797323,0.4405290893041989,roberta-large-race,Gender_identity
98,0.15493144348682086,0.7871237485685683,0.9466800732892399,deberta-v3-base-race,Gender_identity
98,0.15407258884004627,0.09917281795254895,0.6741660871596786,deberta-v3-large-race,Gender_identity
98,0.7216641110072468,0.5018846613280205,0.14782528532731065,roberta-base-race,Gender_identity
98,0.7824841739703722,0.027153608767137016,0.5801186619481821,roberta-large-race,Gender_identity
99,0.45208363194205536,0.9013731230263444,0.7730866843552721,deberta-v3-base-race,Gender_identity
99,0.17441397180487883,0.33327651730512087,0.8172812049492818,deberta-v3-large-race,Gender_identity
99,0.41158107209946915,0.24151168863624317,0.1950125757599932,roberta-base-race,Gender_identity
99,0.47781588886160986,0.27209215683535326,0.4126256643529501,roberta-large-race,Gender_identity
0,0.7626394790452945,0.008818445767111216,0.06825256896089615,deberta-v3-base-race,Race_ethnicity
0,0.48035247464836517,0.6897650131068374,0.06643414147058313,deberta-v3-large-race,Race_ethnicity
0,0.3892400161684654,0.663766923450896,0.42187456983471194,roberta-base-race,Race_ethnicity
0,0.24524362655683907,0.06105416516647688,0.5191042609464678,roberta-large-race,Race_ethnicity
1,0.4297276803939002,0.7454505936490936,0.18520963296613924,deberta-v3-base-race,Race_ethnicity
1,0.9897876529414283,0.3915863544739703,0.773148584639513,deberta-v3-large-race,Race_ethnicity
1,0.9710520268384631,0.14051630764977163,0.5998298582160302,roberta-base-race,Race_ethnicity
1,0.6463591501370749,0.9140339517444172,0.5834543976159279,roberta-large-race,Race_ethnicity
2,0.13449878309778573,0.19570848171095523,0.7533579782918067,deberta-v3-base-race,Race_ethnicity
2,0.7949297024923392,0.19115357699774826,0.027784689171463373,deberta-v3-large-race,Race_ethnicity
2,0.3684911390419424,0.3269470800653167,0.8682153635572719,roberta-base-race,Race_ethnicity
2,0.9628579203218139,0.6938939079314402,0.38935970746867365,roberta-large-race,Race_ethnicity
3,0.31286530802550117,0.4571919360352762,0.7741307375053458,deberta-v3-base-race,Race_ethnicity
3,0.1741097362551174,0.06667059970605438,0.3969272781104347,deberta-v3-large-race,Race_ethnicity
3,0.8585847688200036,0.9799828572644056,0.0985860943128598,roberta-base-race,Race_ethnicity
3,0.13162261487903193,0.3360433059278306,0.4845295710440358,roberta-large-race,Race_ethnicity
4,0.018285063817839342,0.33397553473803,0.3737700730037369,deberta-v3-base-race,Race_ethnicity
4,0.32245176261130815,0.0027148040290492226,0.6385458307045933,deberta-v3-large-race,Race_ethnicity
4,0.29608736868945207,0.13616263152159902,0.33883892168963925,roberta-base-race,Race_ethnicity
4,0.9118322227351318,0.9643131882729051,0.25540192013890184,roberta-large-race,Race_ethnicity
5,0.8476150327047138,0.5063625408586256,0.4516004858588103,deberta-v3-base-race,Race_ethnicity
5,0.59200927783642,0.5903427807949533,0.458678182801734,deberta-v3-large-race,Race_ethnicity
5,0.6764728861051001,0.3766102790645681,0.9787433788426424,roberta-base-race,Race_ethnicity
5,0.580208785496041,0.8353726971473067,0.16586581921822896,roberta-large-race,Race_ethnicity
6,0.9840245579856485,0.04126950835726462,0.571204096296561,deberta-v3-base-race,Race_ethnicity
6,0.6627940114400321,0.523325707665368,0.31966455318262554,deberta-v3-large-race,Race_ethnicity
6,0.3224267795313559,0.5683664201859947,0.46306679158061315,roberta-base-race,Race_ethnicity
6,0.21941483898218717,0.5202685989767525,0.06310027455623857,roberta-large-race,Race_ethnicity
7,0.11736299310388187,0.74798772396748,0.8186548466823509,deberta-v3-base-race,Race_ethnicity
7,0.7057693441004032,0.4097769827088795,0.5214780734720624,deberta-v3-large-race,Race_ethnicity
7,0.4419988670660321,0.9520999719408288,0.3369369199789647,roberta-base-race,Race_ethnicity
7,0.3852280144876792,0.26817745259608494,0.44842871230342884,roberta-large-race,Race_ethnicity
8,0.27016676988844734,0.8600189642616858,0.23680708788505944,deberta-v3-base-race,Race_ethnicity
8,0.7288606301148862,0.12909668516751183,0.5670589628653504,deberta-v3-large-race,Race_ethnicity
8,0.5105595723048483,0.13190655156662012,0.4096617311259254,roberta-base-race,Race_ethnicity
8,0.8748482044983108,0.9995147868407519,0.2317447072571982,roberta-large-race,Race_ethnicity
9,0.80481379168514,0.9012317115641172,0.4608365418864223,deberta-v3-base-race,Race_ethnicity
9,0.8234030181749886,0.9567717499270159,0.787658029960336,deberta-v3-large-race,Race_ethnicity
9,0.5903142583786222,0.1426100063798803,0.276787506522868,roberta-base-race,Race_ethnicity
9,0.3604493716292545,0.8002249331277596,0.6282536701367485,roberta-large-race,Race_ethnicity
10,0.9829063173582241,0.997793412481949,0.6011920081703714,deberta-v3-base-race,Race_ethnicity
10,0.7173797134667582,0.3617220665514621,0.46845773940417024,deberta-v3-large-race,Race_ethnicity
10,0.7489789790984123,0.5147991258592864,0.14401541394656747,roberta-base-race,Race_ethnicity
10,0.5661292910556369,0.31059717957166477,0.9753612161733581,roberta-large-race,Race_ethnicity
11,0.5696861143698231,0.7746439769857348,0.9475146941465755,deberta-v3-base-race,Race_ethnicity
11,0.11878788468715118,0.03931110785485359,0.2685193365297286,deberta-v3-large-race,Race_ethnicity
11,0.26193897439087277,0.8614218448139805,0.8012382188043042,roberta-base-race,Race_ethnicity
11,0.8638380422609624,0.802946212302257,0.02617618808312061,roberta-large-race,Race_ethnicity
12,0.6837374022465514,0.2712890704871548,0.16718404615413684,deberta-v3-base-race,Race_ethnicity
12,0.991963300401513,0.05671939535065407,0.3443227479411406,deberta-v3-large-race,Race_ethnicity
12,0.2131250836939711,0.9920104978682853,0.8705006617742167,roberta-base-race,Race_ethnicity
12,0.5106901581126546,0.5602392923303504,0.7871138637952798,roberta-large-race,Race_ethnicity
13,0.13052599429006762,0.7657201475118632,0.5658912799533452,deberta-v3-base-race,Race_ethnicity
13,0.9619251835394124,0.39852711284242925,0.75534676701923,deberta-v3-large-race,Race_ethnicity
13,0.5551198703540926,0.1781398831357115,0.9552925012122967,roberta-base-race,Race_ethnicity
13,0.14297298661306912,0.24204975053660283,0.44527618585004713,roberta-large-race,Race_ethnicity
14,0.6333111645917148,0.8438282570654762,0.03747174309383472,deberta-v3-base-race,Race_ethnicity
14,0.747819097591191,0.9926411666748799,0.5638629269968973,deberta-v3-large-race,Race_ethnicity
14,0.26509332279548325,0.36077154756879515,0.9541126396676229,roberta-base-race,Race_ethnicity
14,0.03566478415101815,0.4398081285999128,0.9395564713069663,roberta-large-race,Race_ethnicity
15,0.15410483276682374,0.4566552566611852,0.6236784377652421,deberta-v3-base-race,Race_ethnicity
15,0.2955552837367821,0.4955253136208311,0.1914317711499831,deberta-v3-large-race,Race_ethnicity
15,0.5409153356471965,0.6977565907676417,0.45805232828065867,roberta-base-race,Race_ethnicity
15,0.7357752561622698,0.3476848400619953,0.23331917375486844,roberta-large-race,Race_ethnicity
16,0.49153495155615934,0.7618657181732854,0.37973422025849035,deberta-v3-base-race,Race_ethnicity
16,0.09706423946678533,0.11608718386412953,0.3875465715161093,deberta-v3-large-race,Race_ethnicity
16,0.3318530316781546,0.6517396792151868,0.7533683923798343,roberta-base-race,Race_ethnicity
16,0.9410399377931723,0.6268210654492216,0.17875400411873887,roberta-large-race,Race_ethnicity
17,0.09276106239574378,0.41464039109206563,0.23078252519607645,deberta-v3-base-race,Race_ethnicity
17,0.33559541482045563,0.7520619026292726,0.9967682883423311,deberta-v3-large-race,Race_ethnicity
17,0.9484523358049741,0.5233541620992455,0.869116020789882,roberta-base-race,Race_ethnicity
17,0.402379789338036,0.9273142218683545,0.3430824247843761,roberta-large-race,Race_ethnicity
18,0.4648878549511255,0.4861504115610652,0.21516177079803178,deberta-v3-base-race,Race_ethnicity
18,0.01463187687973777,0.8037994048207437,0.5420613081788757,deberta-v3-large-race,Race_ethnicity
18,0.6369132092272267,0.26644447660486303,0.038179871779192576,roberta-base-race,Race_ethnicity
18,0.934690254303784,0.650479179790557,0.6571124713301326,roberta-large-race,Race_ethnicity
19,0.7379636064692501,0.145675356699549,0.17996282142438946,deberta-v3-base-race,Race_ethnicity
19,0.18895733189615715,0.15778992284958815,0.41197506784581095,deberta-v3-large-race,Race_ethnicity
19,0.152258685773056,0.6425125782521784,0.48135014528203246,roberta-base-race,Race_ethnicity
19,0.4838738940554661,0.6789739380934542,0.21601655894554295,roberta-large-race,Race_ethnicity
20,0.010212007186937933,0.8913387078263603,0.5131668816315694,deberta-v3-base-race,Race_ethnicity
20,0.8746071098726022,0.30608243750023456,0.08859443427602309,deberta-v3-large-race,Race_ethnicity
20,0.5105806647331531,0.10926483899986139,0.8620935913529656,roberta-base-race,Race_ethnicity
20,0.4715986181185292,0.8152474007279448,0.7793344801175589,roberta-large-race,Race_ethnicity
21,0.6775527584114742,0.49643061466003824,0.8668426152145893,deberta-v3-base-race,Race_ethnicity
21,0.838372278991847,0.1527150675547304,0.9778810546290732,deberta-v3-large-race,Race_ethnicity
21,0.5511679597489441,0.02192277958141342,0.5344430270701669,roberta-base-race,Race_ethnicity
21,0.8762724545037107,0.838882301304736,0.5023459257075031,roberta-large-race,Race_ethnicity
22,0.20934643214157678,0.7578274861671113,0.36941184802224236,deberta-v3-base-race,Race_ethnicity
22,0.9616752396639734,0.6720317436695897,0.9514318663075608,deberta-v3-large-race,Race_ethnicity
22,0.8595455878829387,0.47003224968764523,0.24854245345033577,roberta-base-race,Race_ethnicity
22,0.18363695767500277,0.62674555906852,0.5305734907229254,roberta-large-race,Race_ethnicity
23,0.4730759708417456,0.5475823644926676,0.38238549032748337,deberta-v3-base-race,Race_ethnicity
23,0.5850834877293098,0.27427352994893184,0.38410079987439827,deberta-v3-large-race,Race_ethnicity
23,0.15224281896624003,0.9315951864042938,0.6753357747851616,roberta-base-race,Race_ethnicity
23,0.6651723748419082,0.9756009872424664,0.8022243537877091,roberta-large-race,Race_ethnicity
24,0.9135162362400135,0.8478988908364695,0.4434702785933088,deberta-v3-base-race,Race_ethnicity
24,0.11233630038652076,0.20814838261487534,0.9677622205836169,deberta-v3-large-race,Race_ethnicity
24,0.14367060903580764,0.2452820948043356,0.347806841604685,roberta-base-race,Race_ethnicity
24,0.6647733328808946,0.3764111428818526,0.8435960909204989,roberta-large-race,Race_ethnicity
25,0.0048446244719339004,0.42184890126111074,0.6390645891416759,deberta-v3-base-race,Race_ethnicity
25,0.5279616356217097,0.14814603380964075,0.8794608499101113,deberta-v3-large-race,Race_ethnicity
25,0.15537403092146906,0.44663888171049204,0.6853527695518425,roberta-base-race,Race_ethnicity
25,0.4295709720303812,0.5890497432235207,0.5049522120855197,roberta-large-race,Race_ethnicity
26,0.25624539031666127,0.04621235030931681,0.40562738330976256,deberta-v3-base-race,Race_ethnicity
26,0.15436118073083493,0.3265462349978212,0.7358552296474178,deberta-v3-large-race,Race_ethnicity
26,0.12955907935950117,0.7889702879263478,0.15399234867611256,roberta-base-race,Race_ethnicity
26,0.36628311190066876,0.9088413196812312,0.9645282142100847,roberta-large-race,Race_ethnicity
27,0.514740173289322,0.6428842601046876,0.5425863937429364,deberta-v3-base-race,Race_ethnicity
27,0.7816217086743278,0.19106694395518775,0.884160890268731,deberta-v3-large-race,Race_ethnicity
27,0.128986502308844,0.19006702688085764,0.4134055903891961,roberta-base-race,Race_ethnicity
27,0.07931561229551487,0.050372036657972186,0.6386984200787164,roberta-large-race,Race_ethnicity
28,0.5756236465733567,0.11120346364198619,0.6224599309656322,deberta-v3-base-race,Race_ethnicity
28,0.043490023622471896,0.9602683559729946,0.09326143365484507,deberta-v3-large-race,Race_ethnicity
28,0.5193705967460468,0.5481010743138492,0.5380878385239727,roberta-base-race,Race_ethnicity
28,0.9147165133768921,0.8564082494921013,0.4683488119239222,roberta-large-race,Race_ethnicity
29,0.9080705172576884,0.7912622348641262,0.32886555440169185,deberta-v3-base-race,Race_ethnicity
29,0.7494087770686542,0.7678670046510585,0.47143966237588564,deberta-v3-large-race,Race_ethnicity
29,0.9451418732982044,0.19114979831550416,0.7407860244538843,roberta-base-race,Race_ethnicity
29,0.9531058941960309,0.8550664621274046,0.9050143527118999,roberta-large-race,Race_ethnicity
30,0.009940377413684698,0.2744808461679198,0.49295798569636873,deberta-v3-base-race,Race_ethnicity
30,0.9237916723983658,0.2736394949651003,0.06038663408546008,deberta-v3-large-race,Race_ethnicity
30,0.992353657887482,0.36690870151479515,0.3870428677930339,roberta-base-race,Race_ethnicity
30,0.08314176402013584,0.4499673125675121,0.5733283601714323,roberta-large-race,Race_ethnicity
31,0.29853715257971347,0.08254686209007078,0.740765659589357,deberta-v3-base-race,Race_ethnicity
31,0.0003096485327367393,0.17384006628388193,0.3101548282399804,deberta-v3-large-race,Race_ethnicity
31,0.5548293878518298,0.2636749427630507,0.27450141358263647,roberta-base-race,Race_ethnicity
31,0.4336620303239749,0.3367732090759077,0.5459412042451157,roberta-large-race,Race_ethnicity
32,0.9955900967274997,0.2042404088568156,0.27219806515886724,deberta-v3-base-race,Race_ethnicity
32,0.2061021695025721,0.7945769328176561,0.6678554169463521,deberta-v3-large-race,Race_ethnicity
32,0.36129367651911515,0.938962428881844,0.4053124465537019,roberta-base-race,Race_ethnicity
32,0.24363485244525052,0.2165869709268473,0.053251451564028884,roberta-large-race,Race_ethnicity
33,0.8746592431524551,0.24200044422228617,0.657760502003112,deberta-v3-base-race,Race_ethnicity
33,0.34057807523124994,0.5774208229373853,0.7348422165494644,deberta-v3-large-race,Race_ethnicity
33,0.8389440125093193,0.2712546553409355,0.36556269863982116,roberta-base-race,Race_ethnicity
33,0.8667294269330851,0.45946400730873693,0.422570354013009,roberta-large-race,Race_ethnicity
34,0.8934586920645448,0.7660143322396266,0.0340930460562171,deberta-v3-base-race,Race_ethnicity
34,0.18207169128157497,0.25622263073371865,0.6359043634910803,deberta-v3-large-race,Race_ethnicity
34,0.6410240457863529,0.46512475289214916,0.17286114481097858,roberta-base-race,Race_ethnicity
34,0.4539663356185957,0.5044750744224076,0.14744605899113694,roberta-large-race,Race_ethnicity
35,0.2426168295250707,0.6178177610733605,0.31072580054362864,deberta-v3-base-race,Race_ethnicity
35,0.806559411992793,0.49280188496080357,0.9049973277479758,deberta-v3-large-race,Race_ethnicity
35,0.4183898821702271,0.9526073420881869,0.5633791869355805,roberta-base-race,Race_ethnicity
35,0.7785499926459298,0.3146026081006851,0.5572203177302618,roberta-large-race,Race_ethnicity
36,0.18876242282836508,0.25175132258187427,0.6160532605615567,deberta-v3-base-race,Race_ethnicity
36,0.15556847807952356,0.8033281034792334,0.3107817464087894,deberta-v3-large-race,Race_ethnicity
36,0.10064929899691422,0.15857309720501944,0.14276439780476458,roberta-base-race,Race_ethnicity
36,0.24164938165421646,0.6541900675925254,0.5483487563667562,roberta-large-race,Race_ethnicity
37,0.32508202334369296,0.07415676641052638,0.6424879867444677,deberta-v3-base-race,Race_ethnicity
37,0.31719867393055046,0.4485845245003577,0.3752464646272632,deberta-v3-large-race,Race_ethnicity
37,0.6247330894680895,0.23834368892914726,0.2906901813320313,roberta-base-race,Race_ethnicity
37,0.8869733003779897,0.6260077036431214,0.9647871349165242,roberta-large-race,Race_ethnicity
38,0.047948094425369625,0.564430271982439,0.10558806661620435,deberta-v3-base-race,Race_ethnicity
38,0.9414679066594489,0.863925090155563,0.5903814723907232,deberta-v3-large-race,Race_ethnicity
38,0.07405472425219373,0.39722037568012936,0.34829230592751104,roberta-base-race,Race_ethnicity
38,0.31016178632160063,0.2630743842589719,0.06228826505444873,roberta-large-race,Race_ethnicity
39,0.5896492730379799,0.4846676812973021,0.09700748498058465,deberta-v3-base-race,Race_ethnicity
39,0.9823027561063081,0.191359007487504,0.4067139296621962,deberta-v3-large-race,Race_ethnicity
39,0.9890030878506192,0.593985199989538,0.8711017245430109,roberta-base-race,Race_ethnicity
39,0.7717751533407274,0.5840927884598244,0.8328656534816584,roberta-large-race,Race_ethnicity
40,0.020147245996431584,0.6096660631385136,0.5621384195312743,deberta-v3-base-race,Race_ethnicity
40,0.3617360335905324,0.70011329347929,0.35367997598441425,deberta-v3-large-race,Race_ethnicity
40,0.03577606240200393,0.9449253775117775,0.5201173491002012,roberta-base-race,Race_ethnicity
40,0.016240201844099467,0.10694807905163517,0.37587831668003,roberta-large-race,Race_ethnicity
41,0.9998533008207832,0.08212816826016911,0.8679152991663278,deberta-v3-base-race,Race_ethnicity
41,0.43304450160299846,0.4408672847897829,0.664883583917484,deberta-v3-large-race,Race_ethnicity
41,0.4545813902135146,0.7556461972934584,0.6442204505391665,roberta-base-race,Race_ethnicity
41,0.9103201052906628,0.24420808833327223,0.524113882989056,roberta-large-race,Race_ethnicity
42,0.8655048812795848,0.4779566848333353,0.323778399317896,deberta-v3-base-race,Race_ethnicity
42,0.09830023019391176,0.8048029867770886,0.7330161096897756,deberta-v3-large-race,Race_ethnicity
42,0.9049849935676676,0.8094080592175417,0.8179197563116293,roberta-base-race,Race_ethnicity
42,0.29248799018152594,0.732170132363803,0.6874347150793714,roberta-large-race,Race_ethnicity
43,0.44734005342519045,0.22355305084202526,0.10908742488441459,deberta-v3-base-race,Race_ethnicity
43,0.6496947504117511,0.5830142892130002,0.9285443055673311,deberta-v3-large-race,Race_ethnicity
43,0.3968979608366432,0.8444404449962163,0.6294554856072209,roberta-base-race,Race_ethnicity
43,0.9502125679928033,0.6090254441842791,0.5453009941107313,roberta-large-race,Race_ethnicity
44,0.7483804382768372,0.864929935608213,0.5800633489454547,deberta-v3-base-race,Race_ethnicity
44,0.927323553914098,0.7520035216195134,0.5319168251687266,deberta-v3-large-race,Race_ethnicity
44,0.5260673482907733,0.4715656348010022,0.628624715059351,roberta-base-race,Race_ethnicity
44,0.5758304033186861,0.5607632382278557,0.8899501551234478,roberta-large-race,Race_ethnicity
45,0.29340326299997876,0.39695898194240986,0.2512886167077868,deberta-v3-base-race,Race_ethnicity
45,0.8993825279094189,0.6204718148286152,0.45442898206782334,deberta-v3-large-race,Race_ethnicity
45,0.8569906757231065,0.008354392052198567,0.7240925337948969,roberta-base-race,Race_ethnicity
45,0.8707249270835479,0.25775499918138023,0.06918269026847379,roberta-large-race,Race_ethnicity
46,0.7183678682314568,0.8436188471762176,0.7219846485762537,deberta-v3-base-race,Race_ethnicity
46,0.6300338049967044,0.9628749616503389,0.609627413957682,deberta-v3-large-race,Race_ethnicity
46,0.39181353519767115,0.12918843792335521,0.7537805073566166,roberta-base-race,Race_ethnicity
46,0.8336207502999269,0.9337437876685541,0.5694211338316204,roberta-large-race,Race_ethnicity
47,0.01907397091601193,0.035995112323938705,0.021916565062018334,deberta-v3-base-race,Race_ethnicity
47,0.26066052960411024,0.48709019964212974,0.8856552520647069,deberta-v3-large-race,Race_ethnicity
47,0.814200549081644,0.14855201309189492,0.03168878129422614,roberta-base-race,Race_ethnicity
47,0.7221468244018295,0.27825755013680187,0.4529530655441013,roberta-large-race,Race_ethnicity
48,0.4874040135252755,0.5354360871260787,0.501801436710567,deberta-v3-base-race,Race_ethnicity
48,0.255921800620283,0.361809608359169,0.5549512330405802,deberta-v3-large-race,Race_ethnicity
48,0.24480870748189176,0.5907332443516947,0.39746299493275994,roberta-base-race,Race_ethnicity
48,0.16691626658479608,0.4434160923905258,0.6518771741820203,roberta-large-race,Race_ethnicity
49,0.10294281760279023,0.1989110488964314,0.41950668005272695,deberta-v3-base-race,Race_ethnicity
49,0.040709438649992435,0.7856344266254216,0.7525340003058352,deberta-v3-large-race,Race_ethnicity
49,0.6809614129715051,0.13749306979120546,0.2061986691261426,roberta-base-race,Race_ethnicity
49,0.14683361876679657,0.6080491533311253,0.8990849090848737,roberta-large-race,Race_ethnicity
50,0.30120669572322667,0.1590899039019612,0.30989558412206153,deberta-v3-base-race,Race_ethnicity
50,0.8948662316695667,0.4882176144359155,0.6874381304444243,deberta-v3-large-race,Race_ethnicity
50,0.4470077385205591,0.4860124160817001,0.7781104118167919,roberta-base-race,Race_ethnicity
50,0.38419564494520386,0.7685537731658872,0.2480801422364829,roberta-large-race,Race_ethnicity
51,0.7103303825327737,0.6538314501530624,0.536691937137127,deberta-v3-base-race,Race_ethnicity
51,0.04310185420792201,0.19738971279145912,0.022261391775171613,deberta-v3-large-race,Race_ethnicity
51,0.9020377846204635,0.44817519668576156,0.3904662551342791,roberta-base-race,Race_ethnicity
51,0.7568166269283256,0.1701675310144516,0.0465323539509187,roberta-large-race,Race_ethnicity
52,0.5202093920130172,0.6012877131838765,0.5665739287937877,deberta-v3-base-race,Race_ethnicity
52,0.9969902382178989,0.9355192226285491,0.46092603488120176,deberta-v3-large-race,Race_ethnicity
52,0.7976746059592992,0.7823922337412025,0.9725674774001987,roberta-base-race,Race_ethnicity
52,0.7988779126300404,0.4830520035310172,0.6579975916476262,roberta-large-race,Race_ethnicity
53,0.3966459175700555,0.4737506409908294,0.5901085506421618,deberta-v3-base-race,Race_ethnicity
53,0.8868543883187893,0.6786078929538009,0.4954565615005957,deberta-v3-large-race,Race_ethnicity
53,0.6348444579006892,0.6898198091441318,0.6553257755539516,roberta-base-race,Race_ethnicity
53,0.5592245056573634,0.22855759346966353,0.8043238277883342,roberta-large-race,Race_ethnicity
54,0.6098505108027276,0.6552127701040973,0.7729531380070014,deberta-v3-base-race,Race_ethnicity
54,0.21955260058338277,0.6644058393110426,0.37428769666057693,deberta-v3-large-race,Race_ethnicity
54,0.31974105571606204,0.7291991854979216,0.9268706202225956,roberta-base-race,Race_ethnicity
54,0.680773862639042,0.5742374736479049,0.617358245037547,roberta-large-race,Race_ethnicity
55,0.49460422173697216,0.264287808865017,0.5088101854447449,deberta-v3-base-race,Race_ethnicity
55,0.8803021607947021,0.8608112176921722,0.6065920749065371,deberta-v3-large-race,Race_ethnicity
55,0.26267065120980637,0.45956082020290134,0.94772014010719,roberta-base-race,Race_ethnicity
55,0.4394358542034411,0.2864250507767341,0.05134628838583222,roberta-large-race,Race_ethnicity
56,0.39539972735880935,0.329501731415655,0.5656789124960091,deberta-v3-base-race,Race_ethnicity
56,0.7369689711796633,0.8327388955341631,0.3803021566787189,deberta-v3-large-race,Race_ethnicity
56,0.7096672391423474,0.09159065110981468,0.631860600375155,roberta-base-race,Race_ethnicity
56,0.535737311399286,0.8736323628670447,0.257100907492793,roberta-large-race,Race_ethnicity
57,0.42202473823468034,0.31567157950182456,0.32967044828124226,deberta-v3-base-race,Race_ethnicity
57,0.5819147924636543,0.4447778889909787,0.4379937805825115,deberta-v3-large-race,Race_ethnicity
57,0.7421864127970988,0.49451886309363113,0.2321615882208472,roberta-base-race,Race_ethnicity
57,0.09112017453907839,0.5701086730852585,0.8078931592983915,roberta-large-race,Race_ethnicity
58,0.6175067381341492,0.6416713171574113,0.16654530108418542,deberta-v3-base-race,Race_ethnicity
58,0.3197871434806604,0.7617903468622861,0.38747562999983887,deberta-v3-large-race,Race_ethnicity
58,0.1562735648763791,0.3611075952100882,0.12799641514437543,roberta-base-race,Race_ethnicity
58,0.8331733086048158,0.7402783217777544,0.9389815029698294,roberta-large-race,Race_ethnicity
59,0.6517148000295516,0.6159216489639663,0.7610099181351012,deberta-v3-base-race,Race_ethnicity
59,0.9730317088381658,0.4398403261126713,0.38004969128715416,deberta-v3-large-race,Race_ethnicity
59,0.07012450939627735,0.6820629331979513,0.50189496598541,roberta-base-race,Race_ethnicity
59,0.646923522029718,0.22453806192352854,0.582212158960606,roberta-large-race,Race_ethnicity
60,0.9305188715846558,0.9450488079744446,0.8357365273691617,deberta-v3-base-race,Race_ethnicity
60,0.42132387709180463,0.4089786350675062,0.7063258726383675,deberta-v3-large-race,Race_ethnicity
60,0.8385566544708485,0.6297012138838398,0.3217326293891778,roberta-base-race,Race_ethnicity
60,0.46002404976831124,0.8299821860125473,0.1446088970319045,roberta-large-race,Race_ethnicity
61,0.5301879613768327,0.8574951871577572,0.3259624043070344,deberta-v3-base-race,Race_ethnicity
61,0.41646643522219673,0.768871548523713,0.08422487784798816,deberta-v3-large-race,Race_ethnicity
61,0.7050218972197402,0.04333464154203759,0.6996351970658777,roberta-base-race,Race_ethnicity
61,0.9819778142696814,0.5042032570723031,0.25617234373218145,roberta-large-race,Race_ethnicity
62,0.31616623403822264,0.42001064647609454,0.47592553029935525,deberta-v3-base-race,Race_ethnicity
62,0.11995240289557063,0.9098380387019133,0.6451362714644521,deberta-v3-large-race,Race_ethnicity
62,0.15618361181393914,0.9768012989963238,0.56183015342589,roberta-base-race,Race_ethnicity
62,0.099754038038529,0.10264162763606566,0.6548611968561578,roberta-large-race,Race_ethnicity
63,0.17879070440971456,0.7293511552289164,0.09270612039716175,deberta-v3-base-race,Race_ethnicity
63,0.7299702431717281,0.2256568508848863,0.20090349355798276,deberta-v3-large-race,Race_ethnicity
63,0.5835368866111275,0.028497314552085706,0.2322379294221547,roberta-base-race,Race_ethnicity
63,0.6962625689085878,0.9569667772600762,0.7596058529254182,roberta-large-race,Race_ethnicity
64,0.7286374661569658,0.10000685354307104,0.375023205635009,deberta-v3-base-race,Race_ethnicity
64,0.9295722910092239,0.23998731557904718,0.9695999723705966,deberta-v3-large-race,Race_ethnicity
64,0.5917616119314756,0.9159811216430737,0.25732070142598285,roberta-base-race,Race_ethnicity
64,0.622176394756386,0.8847020547252084,0.5047325803652847,roberta-large-race,Race_ethnicity
65,0.03229941547500448,0.27856066458618167,0.5671737078169546,deberta-v3-base-race,Race_ethnicity
65,0.1741013689919666,0.9804157945662455,0.603798878501853,deberta-v3-large-race,Race_ethnicity
65,0.8002393111334342,0.18101853273221213,0.9026736949084809,roberta-base-race,Race_ethnicity
65,0.423710199934737,0.1803246009534728,0.5799606751784583,roberta-large-race,Race_ethnicity
66,0.4128480547356209,0.7223864059540807,0.5544748195456574,deberta-v3-base-race,Race_ethnicity
66,0.5092578896682511,0.5734916067597842,0.2922759730723,deberta-v3-large-race,Race_ethnicity
66,0.3528971851428927,0.377318948805315,0.8838061525221359,roberta-base-race,Race_ethnicity
66,0.7952005021774333,0.5539926920971393,0.7744172951383459,roberta-large-race,Race_ethnicity
67,0.6071670208722868,0.781429444722711,0.2884161520077586,deberta-v3-base-race,Race_ethnicity
67,0.11868114404940255,0.15675529560266255,0.6951894615390538,deberta-v3-large-race,Race_ethnicity
67,0.09290996199504498,0.5085747094015616,0.8343629150969769,roberta-base-race,Race_ethnicity
67,0.560855534374074,0.9761699105644625,0.8142295953940432,roberta-large-race,Race_ethnicity
68,0.615135929601041,0.1411221493119662,0.8191353131437842,deberta-v3-base-race,Race_ethnicity
68,0.6442440072332617,0.002246610227297219,0.9492830842077554,deberta-v3-large-race,Race_ethnicity
68,0.7793313105934742,0.5693505649460296,0.4590077381540463,roberta-base-race,Race_ethnicity
68,0.24048127713974066,0.9017117784476,0.28028427844731274,roberta-large-race,Race_ethnicity
69,0.5231981850014749,0.233458259004249,0.502812149775438,deberta-v3-base-race,Race_ethnicity
69,0.4333801602233258,0.35511405720225775,0.5935214502333516,deberta-v3-large-race,Race_ethnicity
69,0.2524412374202174,0.3004664179299962,0.9420016759349967,roberta-base-race,Race_ethnicity
69,0.07591004815160451,0.9409036442657118,0.2619305916446274,roberta-large-race,Race_ethnicity
70,0.88567970284219,0.9104502619933352,0.7472707180372072,deberta-v3-base-race,Race_ethnicity
70,0.7759125985493638,0.6259647864630306,0.09318839107898758,deberta-v3-large-race,Race_ethnicity
70,0.6960917856061586,0.7572689388938778,0.3543416372527831,roberta-base-race,Race_ethnicity
70,0.6154267026446292,0.3050109629206835,0.7959538405483287,roberta-large-race,Race_ethnicity
71,0.5463840923830271,0.18520904853960785,0.7059012758911017,deberta-v3-base-race,Race_ethnicity
71,0.6202203844944646,0.7988053023709566,0.19510015462278196,deberta-v3-large-race,Race_ethnicity
71,0.9551222757542523,0.6569107705899262,0.5905203573799411,roberta-base-race,Race_ethnicity
71,0.12041231474184355,0.7319791030573124,0.43595291568495953,roberta-large-race,Race_ethnicity
72,0.7488194621385867,0.13703983573566814,0.942397705311121,deberta-v3-base-race,Race_ethnicity
72,0.8837913612436694,0.8109064053850129,0.9706377593778788,deberta-v3-large-race,Race_ethnicity
72,0.15841392279675004,0.2154478800708134,0.7900262660018116,roberta-base-race,Race_ethnicity
72,0.23297511002620697,0.6521485371107608,0.22973265602488147,roberta-large-race,Race_ethnicity
73,0.372809959031961,0.0279144523230479,0.9969611898025115,deberta-v3-base-race,Race_ethnicity
73,0.2547028895728284,0.6424053230256359,0.3615195314254934,deberta-v3-large-race,Race_ethnicity
73,0.23552704673100777,0.1647531352229341,0.24153679972022357,roberta-base-race,Race_ethnicity
73,0.4145421170144554,0.7607353130036184,0.35762458041998946,roberta-large-race,Race_ethnicity
74,0.12851673637616645,0.31130822578202977,0.697291768025215,deberta-v3-base-race,Race_ethnicity
74,0.017088195794616068,0.8533146453689706,0.5957042602065656,deberta-v3-large-race,Race_ethnicity
74,0.17838410255286308,0.04530329991290283,0.9998066397293491,roberta-base-race,Race_ethnicity
74,0.07517451816669352,0.2723727654022645,0.5561404239697375,roberta-large-race,Race_ethnicity
75,0.3947829927729499,0.41152852367407866,0.21082821909883265,deberta-v3-base-race,Race_ethnicity
75,0.9299522296633567,0.8730059606580259,0.20197493134382571,deberta-v3-large-race,Race_ethnicity
75,0.5969622179724157,0.5478855685575224,0.11855782412646543,roberta-base-race,Race_ethnicity
75,0.9099192864920702,0.04845803670076343,0.9710420589047625,roberta-large-race,Race_ethnicity
76,0.35719583723874393,0.5426709958851142,0.6434632016741009,deberta-v3-base-race,Race_ethnicity
76,0.142638035972813,0.3910413074083233,0.23071284746838638,deberta-v3-large-race,Race_ethnicity
76,0.6638043316991559,0.43705526094631075,0.8505779817356927,roberta-base-race,Race_ethnicity
76,0.7018650745643071,0.8291114391061712,0.32035561111528355,roberta-large-race,Race_ethnicity
77,0.5901529936281353,0.8942853183898097,0.03226147422696379,deberta-v3-base-race,Race_ethnicity
77,0.5720295571941498,0.3410467252120638,0.7874611262084169,deberta-v3-large-race,Race_ethnicity
77,0.5223512683441779,0.9642066659506461,0.6603787184289479,roberta-base-race,Race_ethnicity
77,0.504678280004157,0.4655425517411973,0.2334233441946012,roberta-large-race,Race_ethnicity
78,0.6706456982392742,0.11258580152586928,0.4346488755293165,deberta-v3-base-race,Race_ethnicity
78,0.6404333578697062,0.5725150944647401,0.4950420562582425,deberta-v3-large-race,Race_ethnicity
78,0.10390386075450098,0.8199155981192727,0.8860624517524541,roberta-base-race,Race_ethnicity
78,0.6962061480634102,0.9292352709104531,0.07969088746698527,roberta-large-race,Race_ethnicity
79,0.9997057970574122,0.11133742863275797,0.9773104628198962,deberta-v3-base-race,Race_ethnicity
79,0.13370508574148654,0.9585115866501331,0.6434310466271848,deberta-v3-large-race,Race_ethnicity
79,0.87814129888009,0.19355378793295996,0.3898612105202537,roberta-base-race,Race_ethnicity
79,0.33681145292137005,0.9194730008766321,0.8546553575803788,roberta-large-race,Race_ethnicity
80,0.24965070821632962,0.27133921981089193,0.5147279160649639,deberta-v3-base-race,Race_ethnicity
80,0.06995982258498246,0.9240812311073715,0.2866318328158669,deberta-v3-large-race,Race_ethnicity
80,0.2858907077218955,0.44269496406602293,0.5409102135830743,roberta-base-race,Race_ethnicity
80,0.17433110534407237,0.6348231538422869,0.16593287413750246,roberta-large-race,Race_ethnicity
81,0.7818937789261201,0.32960082362560705,0.7330871294380263,deberta-v3-base-race,Race_ethnicity
81,0.8448419617611834,0.1162609171935094,0.12346070761434569,deberta-v3-large-race,Race_ethnicity
81,0.48080174272547527,0.706799819544621,0.8379160844150783,roberta-base-race,Race_ethnicity
81,0.25762276828187947,0.9913852562531392,0.5901645237102195,roberta-large-race,Race_ethnicity
82,0.1323962199287152,0.8685186326799283,0.5581080477473546,deberta-v3-base-race,Race_ethnicity
82,0.9758280422891761,0.5216797430522121,0.8708158517817325,deberta-v3-large-race,Race_ethnicity
82,0.5070234329948622,0.059225138328365845,0.9150771437127578,roberta-base-race,Race_ethnicity
82,0.9206943385331934,0.7462040938621016,0.6321313660132742,roberta-large-race,Race_ethnicity
83,0.7962626055229411,0.19166393404150528,0.10476864348278514,deberta-v3-base-race,Race_ethnicity
83,0.2395200940897093,0.4242830312156729,0.19907132976680098,deberta-v3-large-race,Race_ethnicity
83,0.07474951310112699,0.07561050427838323,0.8694677040845803,roberta-base-race,Race_ethnicity
83,0.5678365770858821,0.022883469889776298,0.6256412844381812,roberta-large-race,Race_ethnicity
84,0.1497462266231725,0.9456359352467595,0.7532852228109719,deberta-v3-base-race,Race_ethnicity
84,0.3976969076602316,0.7688430086782441,0.7075743198349549,deberta-v3-large-race,Race_ethnicity
84,0.5086235585926485,0.20331739947021854,0.4529377534971999,roberta-base-race,Race_ethnicity
84,0.8114582174479459,0.2844131141841162,0.12618351580192122,roberta-large-race,Race_ethnicity
85,0.20821427521648406,0.5003847519509936,0.8318398759106768,deberta-v3-base-race,Race_ethnicity
85,0.6734910259154684,0.19430541469693496,0.6131258532745911,deberta-v3-large-race,Race_ethnicity
85,0.989352436493775,0.3617188538146623,0.6633826851176986,roberta-base-race,Race_ethnicity
85,0.3555949179243926,0.5971847297600876,0.5197555513669091,roberta-large-race,Race_ethnicity
86,0.237865709068524,0.9745004909036055,0.5206620423696159,deberta-v3-base-race,Race_ethnicity
86,0.48055874240027197,0.295374277309162,0.5027020401338657,deberta-v3-large-race,Race_ethnicity
86,0.8684720015366224,0.6034616817339107,0.9142742250315782,roberta-base-race,Race_ethnicity
86,0.8367691077368542,0.396140751615221,0.3566342548137099,roberta-large-race,Race_ethnicity
87,0.3582735816378422,0.7810167216302751,0.00603835804849473,deberta-v3-base-race,Race_ethnicity
87,0.9960256648083717,0.9176692527868182,0.2137074437248525,deberta-v3-large-race,Race_ethnicity
87,0.5799360464951101,0.38971263777992726,0.9276747369866211,roberta-base-race,Race_ethnicity
87,0.4195024227270634,0.6412679830594404,0.16454446260865518,roberta-large-race,Race_ethnicity
88,0.2077678126561795,0.8638248928595536,0.025285476244017002,deberta-v3-base-race,Race_ethnicity
88,0.8416075978113459,0.7121927981763502,0.5392002423197856,deberta-v3-large-race,Race_ethnicity
88,0.3533706834604752,0.34226920199171385,0.3782188751485702,roberta-base-race,Race_ethnicity
88,0.9572535058152146,0.5585470416727436,0.4893133401996159,roberta-large-race,Race_ethnicity
89,0.934825486313633,0.29539536111980436,0.9295822931565082,deberta-v3-base-race,Race_ethnicity
89,0.7328259784201943,0.9812170157185852,0.2368547860307787,deberta-v3-large-race,Race_ethnicity
89,0.35098784490375,0.256874665379612,0.28511458037209403,roberta-base-race,Race_ethnicity
89,0.935204144882945,0.3070950790805905,0.21311550086600195,roberta-large-race,Race_ethnicity
90,0.3845586787540879,0.837322627529412,0.9857255941461883,deberta-v3-base-race,Race_ethnicity
90,0.5718129328989878,0.35016367533054715,0.8445922852927708,deberta-v3-large-race,Race_ethnicity
90,0.20179196437741032,0.1296360720163513,0.9039049563591336,roberta-base-race,Race_ethnicity
90,0.5209544290897663,0.5773124031300905,0.8264034672926484,roberta-large-race,Race_ethnicity
91,0.3339965559602288,0.19196072629667016,0.22533452414847044,deberta-v3-base-race,Race_ethnicity
91,0.3596011903455869,0.3191886247837463,0.23855381906442152,deberta-v3-large-race,Race_ethnicity
91,0.4199198577773188,0.8276915549657747,0.7824432674763191,roberta-base-race,Race_ethnicity
91,0.08495869987374804,0.5203672904003881,0.09856705565285817,roberta-large-race,Race_ethnicity
92,0.47541778716308136,0.36744306701661467,0.5953055534991588,deberta-v3-base-race,Race_ethnicity
92,0.31189686043820863,0.5367244157892355,0.36303637390672994,deberta-v3-large-race,Race_ethnicity
92,0.06651907664589796,0.5235435140106826,0.7893267121630545,roberta-base-race,Race_ethnicity
92,0.4966097594659754,0.2003232523390972,0.20398195997921997,roberta-large-race,Race_ethnicity
93,0.12519812752131643,0.07732646843334323,0.41393623674715907,deberta-v3-base-race,Race_ethnicity
93,0.08388958685937187,0.2072030991425159,0.18641363496373164,deberta-v3-large-race,Race_ethnicity
93,0.25696906844639,0.9248500243516471,0.03847535199725949,roberta-base-race,Race_ethnicity
93,0.9926309200807962,0.044786277646069794,0.36726949517180885,roberta-large-race,Race_ethnicity
94,0.8630038304415,0.6645953092158859,0.8007510606907464,deberta-v3-base-race,Race_ethnicity
94,0.6392274889578508,0.8214131003840106,0.231623245406533,deberta-v3-large-race,Race_ethnicity
94,0.5958328128867836,0.36551388534697393,0.046661459911592984,roberta-base-race,Race_ethnicity
94,0.3370668236042639,0.07446514184773079,0.23784678618167976,roberta-large-race,Race_ethnicity
95,0.2097157362614045,0.3886282011095876,0.04074372438424967,deberta-v3-base-race,Race_ethnicity
95,0.31387406571093324,0.7249542820029438,0.36992171313754363,deberta-v3-large-race,Race_ethnicity
95,0.2659459578418004,0.07514102044431514,0.006821840934801537,roberta-base-race,Race_ethnicity
95,0.32137015908101996,0.8394401530508524,0.012369095251260731,roberta-large-race,Race_ethnicity
96,0.5618814204972282,0.1636928330420897,0.5719682549468548,deberta-v3-base-race,Race_ethnicity
96,0.5584256967178006,0.7077442727009864,0.5691767868010551,deberta-v3-large-race,Race_ethnicity
96,0.6499641297769269,0.26907902242184334,0.015930997052394535,roberta-base-race,Race_ethnicity
96,0.1069033158026611,0.4711582989448454,0.2905477864246446,roberta-large-race,Race_ethnicity
97,0.31475353841887554,0.7537435293862308,0.5299279296241362,deberta-v3-base-race,Race_ethnicity
97,0.4583770194919289,0.21664568227126435,0.8719852981577747,deberta-v3-large-race,Race_ethnicity
97,0.655888861635131,0.585128142591429,0.4579849894572493,roberta-base-race,Race_ethnicity
97,0.034277012718378574,0.7302862143413734,0.07867627978178715,roberta-large-race,Race_ethnicity
98,0.2117210498283254,0.9797196922363468,0.5113852886539151,deberta-v3-base-race,Race_ethnicity
98,0.5022908569970902,0.7853978107614256,0.1695880330827736,deberta-v3-large-race,Race_ethnicity
98,0.9987494005822557,0.2598049077807639,0.5617589532205238,roberta-base-race,Race_ethnicity
98,0.050644793904223606,0.4914510042966008,0.4617544998136137,roberta-large-race,Race_ethnicity
99,0.16126401733374718,0.46486734450433953,0.4213839181530967,deberta-v3-base-race,Race_ethnicity
99,0.3111424758966308,0.26856073990300344,0.8327186906010692,deberta-v3-large-race,Race_ethnicity
99,0.6275426940791575,0.1402754236695506,0.139764202604159,roberta-base-race,Race_ethnicity
99,0.8036863484023328,0.380194802906736,0.5581033811635958,roberta-large-race,Race_ethnicity
